UserId,UserLogin,UserName,FollowerId,FollowerLogin
20,kevinclark,kevinclark,38,atmos
20,kevinclark,kevinclark,45,mojodna
20,kevinclark,kevinclark,192,knowtheory
20,kevinclark,kevinclark,200,ELLIOTTCABLE
20,kevinclark,kevinclark,444,mokolabs
20,kevinclark,kevinclark,567,purzelrakete
20,kevinclark,kevinclark,2405,hungryblank
20,kevinclark,kevinclark,2567,tmm1
20,kevinclark,kevinclark,2609,mchung
20,kevinclark,kevinclark,3690,smtlaissezfaire
20,kevinclark,kevinclark,6235,hober
20,kevinclark,kevinclark,8133,tiendung
20,kevinclark,kevinclark,8209,douglasjarquin
20,kevinclark,kevinclark,9192,deepak
20,kevinclark,kevinclark,9226,klingerf
20,kevinclark,kevinclark,10640,vestel
20,kevinclark,kevinclark,12161,dustinwhittle
20,kevinclark,kevinclark,13018,jxe
20,kevinclark,kevinclark,17693,VetriVellore
20,kevinclark,kevinclark,33324,nelix
20,kevinclark,kevinclark,36356,3rdman
20,kevinclark,kevinclark,42081,stonegao
20,kevinclark,kevinclark,83390,jondot
20,kevinclark,kevinclark,90669,happythenewsad
20,kevinclark,kevinclark,93388,kbighorse
20,kevinclark,kevinclark,122275,miclovich
20,kevinclark,kevinclark,144385,bcambel
20,kevinclark,kevinclark,164769,pinoystartup
20,kevinclark,kevinclark,249690,syst3mw0rm
20,kevinclark,kevinclark,278168,ximyu
30,fanvsfan,fanvsfan,52926,zpmorgan
30,fanvsfan,fanvsfan,2546543,TabLand
30,fanvsfan,fanvsfan,10369436,azide0x37
30,fanvsfan,fanvsfan,6392429,jakesyl
30,fanvsfan,fanvsfan,5877145,angusshire
30,fanvsfan,fanvsfan,9503030,uwu2234
30,fanvsfan,fanvsfan,20416127,handsomebelugawhale
30,fanvsfan,fanvsfan,3076393,KevinHock
30,fanvsfan,fanvsfan,10064471,madnight
30,fanvsfan,fanvsfan,20427105,shell-nightmare
30,fanvsfan,fanvsfan,34840645,codersweek
30,fanvsfan,fanvsfan,36331350,graphbot
30,fanvsfan,fanvsfan,15948425,sHilgert
30,fanvsfan,fanvsfan,48634525,Dmitriy-Vas
30,fanvsfan,fanvsfan,15663890,strafe
30,fanvsfan,fanvsfan,13213778,oweis
30,fanvsfan,fanvsfan,6305836,Beasta
30,fanvsfan,fanvsfan,43377300,sfein4uin4ui94
30,fanvsfan,fanvsfan,50240569,jgoncalves8080
30,fanvsfan,fanvsfan,63962174,RaulMatias7
30,fanvsfan,fanvsfan,74511769,Osvaldo943
30,fanvsfan,fanvsfan,72455038,mariovarela99
